{
  "openness": {
    "7": {
      "delta_l2": 0.9218465030193329,
      "first_kl": 4.210021311044693,
      "flip": 0.6,
      "combined": 1.8439296448230742
    },
    "8": {
      "delta_l2": 1.2351582288742065,
      "first_kl": 15.82828254699707,
      "flip": 1.0,
      "combined": 5.566063878536224
    },
    "9": {
      "delta_l2": 1.225285005569458,
      "first_kl": 15.54235668182373,
      "flip": 1.0,
      "combined": 5.475349507331847
    },
    "10": {
      "delta_l2": 1.2237784147262574,
      "first_kl": 15.216589164733886,
      "flip": 1.0,
      "combined": 5.376865956783295
    },
    "11": {
      "delta_l2": 1.2333510398864747,
      "first_kl": 14.809004974365234,
      "flip": 1.0,
      "combined": 5.259377012252807
    },
    "12": {
      "delta_l2": 1.2390574216842651,
      "first_kl": 13.904720497131347,
      "flip": 1.0,
      "combined": 4.9909448599815365
    },
    "13": {
      "delta_l2": 1.2691845178604126,
      "first_kl": 11.872661781311034,
      "flip": 1.0,
      "combined": 4.3963907933235165
    },
    "14": {
      "delta_l2": 1.2808074474334716,
      "first_kl": 8.90915470123291,
      "flip": 1.0,
      "combined": 3.5131501340866094
    },
    "15": {
      "delta_l2": 1.3243937492370605,
      "first_kl": 8.540722370147705,
      "flip": 1.0,
      "combined": 3.4244135856628417
    },
    "16": {
      "delta_l2": 1.295974028110504,
      "first_kl": 6.080502891540528,
      "flip": 1.0,
      "combined": 2.6721378815174104
    },
    "17": {
      "delta_l2": 0.18560260986487265,
      "first_kl": 0.6451992816626444,
      "flip": 0.2,
      "combined": 0.32636108943122966
    },
    "18": {
      "delta_l2": 0.1406721980762086,
      "first_kl": 0.4413162483659107,
      "flip": 0.2,
      "combined": 0.2427309735478775
    },
    "19": {
      "delta_l2": 1.2794180631637573,
      "first_kl": 4.935632848739624,
      "flip": 1.0,
      "combined": 2.320398886203766
    },
    "20": {
      "delta_l2": 1.2479448437690734,
      "first_kl": 4.545809316635132,
      "flip": 1.0,
      "combined": 2.1877152168750764
    },
    "21": {
      "delta_l2": 1.1130691409111022,
      "first_kl": 2.955647087097168,
      "flip": 1.0,
      "combined": 1.6432286965847014
    },
    "22": {
      "delta_l2": 0.8149379014968872,
      "first_kl": 1.6889055252075196,
      "flip": 0.6,
      "combined": 1.0341406083106994
    },
    "23": {
      "delta_l2": 0.505140483379364,
      "first_kl": 0.9569192707538605,
      "flip": 0.4,
      "combined": 0.6196460229158403
    },
    "24": {
      "delta_l2": 0.3929045647382736,
      "first_kl": 0.5507029175758362,
      "flip": 0.2,
      "combined": 0.40166315764188765
    }
  },
  "conscientiousness": {
    "7": {
      "delta_l2": 1.0676703095436095,
      "first_kl": 11.858366107940673,
      "flip": 1.0,
      "combined": 4.291344987154007
    },
    "8": {
      "delta_l2": 1.1450199961662293,
      "first_kl": 9.84892978668213,
      "flip": 1.0,
      "combined": 3.7271889340877533
    },
    "9": {
      "delta_l2": 1.1755653381347657,
      "first_kl": 8.489484882354736,
      "flip": 1.0,
      "combined": 3.334628133773804
    },
    "10": {
      "delta_l2": 1.200853133201599,
      "first_kl": 10.686076736450195,
      "flip": 1.0,
      "combined": 4.006249587535858
    },
    "11": {
      "delta_l2": 1.1795117139816285,
      "first_kl": 10.672184562683105,
      "flip": 1.0,
      "combined": 3.991411225795746
    },
    "12": {
      "delta_l2": 1.2017528891563416,
      "first_kl": 10.30301399230957,
      "flip": 1.0,
      "combined": 3.8917806422710415
    },
    "13": {
      "delta_l2": 1.0843279123306275,
      "first_kl": 6.93159122467041,
      "flip": 1.0,
      "combined": 2.8216413235664373
    },
    "14": {
      "delta_l2": 0.9696173548698426,
      "first_kl": 3.3948833465576174,
      "flip": 1.0,
      "combined": 1.7032736814022063
    },
    "15": {
      "delta_l2": 0.18334086332470179,
      "first_kl": 1.9034794501028955,
      "flip": 0.2,
      "combined": 0.7027142666932196
    },
    "16": {
      "delta_l2": 0.20363751985132694,
      "first_kl": 1.8804965801537037,
      "flip": 0.2,
      "combined": 0.7059677339717746
    },
    "17": {
      "delta_l2": 0.174671196565032,
      "first_kl": 1.6310543552041055,
      "flip": 0.2,
      "combined": 0.6166519048437477
    },
    "18": {
      "delta_l2": 0.14841280430555343,
      "first_kl": 1.407907928340137,
      "flip": 0.2,
      "combined": 0.5365787806548178
    },
    "19": {
      "delta_l2": 0.14918726217001677,
      "first_kl": 1.2343159919604658,
      "flip": 0.2,
      "combined": 0.4848884286731481
    },
    "20": {
      "delta_l2": 0.1717865914106369,
      "first_kl": 1.304042511433363,
      "flip": 0.2,
      "combined": 0.5171060491353273
    },
    "21": {
      "delta_l2": 0.14227247703820467,
      "first_kl": 0.9566406596451997,
      "flip": 0.2,
      "combined": 0.39812843641266227
    },
    "22": {
      "delta_l2": 0.0558538731187582,
      "first_kl": 0.1100416224449873,
      "flip": 0.0,
      "combined": 0.060939423292875286
    },
    "23": {
      "delta_l2": 0.052800281113013624,
      "first_kl": 0.08111010547727346,
      "flip": 0.2,
      "combined": 0.09073317219968885
    },
    "24": {
      "delta_l2": 0.031200561160221695,
      "first_kl": 0.03825559485703707,
      "flip": 0.2,
      "combined": 0.06707695903722197
    }
  },
  "extraversion": {
    "7": {
      "delta_l2": 0.2832403529668227,
      "first_kl": 1.4562421360053122,
      "flip": 0.2,
      "combined": 0.618492817285005
    },
    "8": {
      "delta_l2": 0.2219240282662213,
      "first_kl": 1.4018771982286125,
      "flip": 0.2,
      "combined": 0.5715251736016944
    },
    "9": {
      "delta_l2": 0.2312057135393843,
      "first_kl": 1.4686319458531216,
      "flip": 0.2,
      "combined": 0.5961924405256287
    },
    "10": {
      "delta_l2": 1.3434033155441285,
      "first_kl": 14.989858055114746,
      "flip": 1.0,
      "combined": 5.368659074306488
    },
    "11": {
      "delta_l2": 1.3481768131256104,
      "first_kl": 14.461596870422364,
      "flip": 1.0,
      "combined": 5.212567467689514
    },
    "12": {
      "delta_l2": 1.346123170852661,
      "first_kl": 13.71475658416748,
      "flip": 1.0,
      "combined": 4.987488560676574
    },
    "13": {
      "delta_l2": 1.338557815551758,
      "first_kl": 11.172403907775879,
      "flip": 1.0,
      "combined": 4.2210000801086425
    },
    "14": {
      "delta_l2": 1.2633142828941346,
      "first_kl": 7.478950023651123,
      "flip": 1.0,
      "combined": 3.075342148542404
    },
    "15": {
      "delta_l2": 1.3349039793014525,
      "first_kl": 9.450548553466797,
      "flip": 1.0,
      "combined": 3.7026165556907653
    },
    "16": {
      "delta_l2": 1.3278785228729248,
      "first_kl": 7.555306243896484,
      "flip": 1.0,
      "combined": 3.1305311346054077
    },
    "17": {
      "delta_l2": 0.1126285950987949,
      "first_kl": 0.6151988195706508,
      "flip": 0.2,
      "combined": 0.2808739434205927
    },
    "18": {
      "delta_l2": 0.11747131597585395,
      "first_kl": 0.6696908798330696,
      "flip": 0.2,
      "combined": 0.2996429219378479
    },
    "19": {
      "delta_l2": 1.2919544100761413,
      "first_kl": 6.850788116455078,
      "flip": 1.0,
      "combined": 2.9012136399745945
    },
    "20": {
      "delta_l2": 1.2841151118278504,
      "first_kl": 6.45702486038208,
      "flip": 1.0,
      "combined": 2.7791650140285493
    },
    "21": {
      "delta_l2": 1.2555963039398192,
      "first_kl": 5.0635679244995115,
      "flip": 1.0,
      "combined": 2.3468685293197633
    },
    "22": {
      "delta_l2": 1.187115740776062,
      "first_kl": 3.4368000507354735,
      "flip": 1.0,
      "combined": 1.824597885608673
    },
    "23": {
      "delta_l2": 1.0080603003501891,
      "first_kl": 2.040227675437927,
      "flip": 1.0,