{
  "openness": {
    "7": {
      "delta_l2": 0.6537870109081269,
      "first_kl": 10.880231285095215,
      "flip": 1.0,
      "combined": 3.790962890982628
    },
    "8": {
      "delta_l2": 0.6486341893672943,
      "first_kl": 10.651366233825684,
      "flip": 1.0,
      "combined": 3.7197269648313527
    },
    "9": {
      "delta_l2": 0.6179223001003266,
      "first_kl": 10.420289230346679,
      "flip": 1.0,
      "combined": 3.635047919154167
    },
    "10": {
      "delta_l2": 0.5260748893022538,
      "first_kl": 4.933630871772766,
      "flip": 0.8,
      "combined": 1.9031267061829569
    },
    "11": {
      "delta_l2": 0.5430256485939026,
      "first_kl": 4.84395534992218,
      "flip": 0.8,
      "combined": 1.8846994292736055
    },
    "12": {
      "delta_l2": 0.5390870779752731,
      "first_kl": 4.654596996307373,
      "flip": 0.8,
      "combined": 1.8259226378798488
    },
    "13": {
      "delta_l2": 0.5348344206809997,
      "first_kl": 4.61399359703064,
      "flip": 0.8,
      "combined": 1.811615289449692
    },
    "14": {
      "delta_l2": 0.555082568526268,
      "first_kl": 4.582658672332764,
      "flip": 0.8,
      "combined": 1.812338885962963
    },
    "15": {
      "delta_l2": 0.5831439375877381,
      "first_kl": 4.510698223114014,
      "flip": 0.8,
      "combined": 1.8047814357280734
    },
    "16": {
      "delta_l2": 0.5261546015739441,
      "first_kl": 8.836989307403565,
      "flip": 1.0,
      "combined": 3.114174093008042
    },
    "17": {
      "delta_l2": 0.4941276669502258,
      "first_kl": 8.896084213256836,
      "flip": 1.0,
      "combined": 3.115889097452164
    },
    "18": {
      "delta_l2": 0.4928834795951843,
      "first_kl": 8.208892822265625,
      "flip": 1.0,
      "combined": 2.9091095864772796
    },
    "19": {
      "delta_l2": 0.5153552293777466,
      "first_kl": 7.415171909332275,
      "flip": 1.0,
      "combined": 2.6822291874885558
    },
    "20": {
      "delta_l2": 0.4885252058506012,
      "first_kl": 6.237055492401123,
      "flip": 1.0,
      "combined": 2.3153792506456377
    },
    "21": {
      "delta_l2": 0.4916758954524994,
      "first_kl": 5.147917604446411,
      "flip": 1.0,
      "combined": 1.9902132290601728
    },
    "22": {
      "delta_l2": 0.49053404331207273,
      "first_kl": 4.035069322586059,
      "flip": 1.0,
      "combined": 1.6557878184318542
    },
    "23": {
      "delta_l2": 0.49245947003364565,
      "first_kl": 3.1115227222442625,
      "flip": 1.0,
      "combined": 1.3796865516901016
    },
    "24": {
      "delta_l2": 0.4611632525920868,
      "first_kl": 2.465517687797546,
      "flip": 1.0,
      "combined": 1.1702369326353073
    }
  },
  "conscientiousness": {
    "7": {
      "delta_l2": 0.4855897068977356,
      "first_kl": 6.379721736907959,
      "flip": 1.0,
      "combined": 2.3567113745212556
    },
    "8": {
      "delta_l2": 0.48969691395759585,
      "first_kl": 6.596871089935303,
      "flip": 1.0,
      "combined": 2.423909783959389
    },
    "9": {
      "delta_l2": 0.49037380814552306,
      "first_kl": 6.6571954727172855,
      "flip": 1.0,
      "combined": 2.4423455458879473
    },
    "10": {
      "delta_l2": 0.5044620275497437,
      "first_kl": 7.3240409851074215,
      "flip": 1.0,
      "combined": 2.6494433093070984
    },
    "11": {
      "delta_l2": 0.5257710099220276,
      "first_kl": 8.017985534667968,
      "flip": 1.0,
      "combined": 2.868281165361404
    },
    "12": {
      "delta_l2": 0.5280093014240265,
      "first_kl": 7.688596534729004,
      "flip": 1.0,
      "combined": 2.7705836111307143
    },
    "13": {
      "delta_l2": 0.5278899550437928,
      "first_kl": 7.610429954528809,
      "flip": 1.0,
      "combined": 2.747073963880539
    },
    "14": {
      "delta_l2": 0.5148140847682953,
      "first_kl": 6.849150943756103,
      "flip": 1.0,
      "combined": 2.5121523255109786
    },
    "15": {
      "delta_l2": 0.5016444504261017,
      "first_kl": 6.23824520111084,
      "flip": 1.0,
      "combined": 2.322295785546303
    },
    "16": {
      "delta_l2": 0.5013902664184571,
      "first_kl": 5.393848943710327,
      "flip": 1.0,
      "combined": 2.068849816322327
    },
    "17": {
      "delta_l2": 0.5573497712612152,
      "first_kl": 5.019389963150024,
      "flip": 1.0,
      "combined": 1.9844918745756148
    },
    "18": {
      "delta_l2": 0.6209993720054626,
      "first_kl": 4.803689289093017,
      "flip": 1.0,
      "combined": 1.9516064727306366
    },
    "19": {
      "delta_l2": 0.5550387263298034,
      "first_kl": 4.765993213653564,
      "flip": 1.0,
      "combined": 1.907317327260971
    },
    "20": {
      "delta_l2": 0.6187422633171081,
      "first_kl": 4.609679937362671,
      "flip": 1.0,
      "combined": 1.8922751128673554
    },
    "21": {
      "delta_l2": 0.6256192684173584,
      "first_kl": 4.304962253570556,
      "flip": 1.0,
      "combined": 1.804298310279846
    },
    "22": {
      "delta_l2": 0.6725614190101623,
      "first_kl": 4.207239818572998,
      "flip": 1.0,
      "combined": 1.7984526550769806
    },
    "23": {
      "delta_l2": 0.5753856182098389,
      "first_kl": 3.6061749935150145,
      "flip": 1.0,
      "combined": 1.5695453071594236
    },
    "24": {
      "delta_l2": 0.5951305270195008,
      "first_kl": 3.1866135597229004,
      "flip": 1.0,
      "combined": 1.4535493314266204
    }
  },
  "extraversion": {
    "7": {
      "delta_l2": 0.8105907082557678,
      "first_kl": 10.758061790466309,
      "flip": 1.0,
      "combined": 3.832713891267777
    },
    "8": {
      "delta_l2": 0.8182970643043518,
      "first_kl": 10.831300354003906,
      "flip": 1.0,
      "combined": 3.8585386383533478
    },
    "9": {
      "delta_l2": 0.7680655241012573,
      "first_kl": 10.76614761352539,
      "flip": 1.0,
      "combined": 3.813877046108246
    },
    "10": {
      "delta_l2": 0.9240048885345459,
      "first_kl": 11.998119735717774,
      "flip": 1.0,
      "combined": 4.261438364982605
    },
    "11": {
      "delta_l2": 1.0001288414001466,
      "first_kl": 12.675774765014648,
      "flip": 1.0,
      "combined": 4.502796850204468
    },
    "12": {
      "delta_l2": 0.9364800095558167,
      "first_kl": 12.430878067016602,
      "flip": 1.0,
      "combined": 4.397503424882889
    },
    "13": {
      "delta_l2": 0.9215408325195312,
      "first_kl": 12.139058494567871,
      "flip": 1.0,
      "combined": 4.302487964630127
    },
    "14": {
      "delta_l2": 0.7074064135551452,
      "first_kl": 10.337629508972167,
      "flip": 1.0,
      "combined": 3.654992059469223
    },
    "15": {
      "delta_l2": 0.7105021238327026,
      "first_kl": 10.406381416320801,
      "flip": 1.0,
      "combined": 3.6771654868125916
    },
    "16": {
      "delta_l2": 0.6581538379192352,
      "first_kl": 9.807652473449707,
      "flip": 1.0,
      "combined": 3.4713726609945295
    },
    "17": {
      "delta_l2": 0.5353349685668946,
      "first_kl": 10.126514434814453,
      "flip": 1.0,
      "combined": 3.5056218147277836
    },
    "18": {
      "delta_l2": 0.517269766330719,
      "first_kl": 9.289827346801758,
      "flip": 1.0,
      "combined": 3.245583087205887
    },
    "19": {
      "delta_l2": 0.6605783700942993,
      "first_kl": 9.351047134399414,
      "flip": 1.0,
      "combined": 3.3356033253669737
    },
    "20": {
      "delta_l2": 0.5221790730953216,
      "first_kl": 7.594261837005615,
      "flip": 1.0,
      "combined": 2.7393680876493454
    },
    "21": {
      "delta_l2": 0.5078305244445801,
      "first_kl": 6.435364151000977,
      "flip": 1.0,
      "combined": 2.3845245075225834
    },
    "22": {
      "delta_l2": 0.5017828226089478,
      "first_kl": 5.489656257629394,
      "flip": 1.0,
      "combined": 2.0977882885932924
    },
    "23": {
      "delta_l2": 0.5010236859321594,
      "first_kl": 4.227686262130737,
      "flip": 1.0,