{
  "metadata": {
    "model": "mistralai/Mistral-Small-24B-Instruct-2501",
    "layer_range": [
      7,
      8,
      9,
      10,
      11,
      12,
      13,
      14,
      15,
      16,
      17,
      18,
      19,
      20,
      21,
      22,
      23,
      24
    ]
  },
  "layer_weights": [
    0.03782298111361505,
    0.041008758061361665,
    0.04004836962580038,
    0.043176482231054025,
    0.043112356706666466,
    0.04764772818596445,
    0.04739009108052518,
    0.04830190038752576,
    0.048656415977905154,
    0.04836144053853042,
    0.0532777182318742,
    0.05766151292883221,
    0.06604080972451157,
    0.0740934342700564,
    0.0738662583705565,
    0.07449115311860764,
    0.07497410466319779,
    0.08006848478333504
  ],
  "variance_stats": {
    "explained_variance_ratio": [
      0.5559549927711487,
      0.26972922682762146,
      0.13345900177955627
    ],
    "cumulative": [
      0.5559549927711487,
      0.8256841897964478,
      0.9591431617736816
    ]
  },
  "metrics": {
    "orthogonality_matrix": [
      [
        1.0,
        0.42465832829475403,
        0.31690987944602966,
        -0.6634311079978943,
        0.520013153553009
      ],
      [
        0.42465832829475403,
        1.0,
        0.005675153341144323,
        -0.5866336226463318,
        0.4341299533843994
      ],
      [
        0.31690987944602966,
        0.005675153341144323,
        1.0000001192092896,
        -0.41483548283576965,
        0.7324273586273193
      ],
      [
        -0.6634311079978943,
        -0.5866336226463318,
        -0.41483548283576965,
        1.0000001192092896,
        -0.614266574382782
      ],
      [
        0.520013153553009,
        0.4341299533843994,
        0.7324273586273193,
        -0.614266574382782,
        1.0
      ]
    ],
    "traits_ordered": [
      "agreeableness",
      "conscientiousness",
      "extraversion",
      "neuroticism",
      "openness"
    ],
    "signal_strength": {
      "openness": 0.8904505968093872,
      "conscientiousness": 0.9620411396026611,
      "extraversion": 0.9487071633338928,
      "agreeableness": 0.9609749913215637,
      "neuroticism": 0.9575429558753967
    },
    "cluster_quality_silhouette": {
      "agreeableness": 0.07738208025693893,
      "conscientiousness": 0.05258238688111305,
      "extraversion": 0.03645674139261246,
      "neuroticism": 0.03949049860239029,
      "openness": 0.05006878077983856
    },
    "emergence_curves": {
      "agreeableness": [
        1.1520085334777832,
        1.5707882642745972,
        1.7904969453811646,
        2.35196852684021,
        2.507232666015625,
        2.774526357650757,
        2.873765230178833,
        3.0740954875946045,
        3.2287778854370117,
        3.2955424785614014,
        3.8885226249694824,
        4.392275810241699,
        4.909834384918213,
        5.873320579528809,
        6.769663333892822,
        7.547690391540527,
        7.895788192749023,
        8.87303638458252
      ],
      "conscientiousness": [
        1.094014286994934,
        1.45939040184021,
        1.5840587615966797,
        1.9394890069961548,
        2.0054097175598145,
        2.237825632095337,
        2.254964828491211,
        2.4109718799591064,
        2.606973886489868,
        2.733151912689209,
        3.1079838275909424,
        3.5420117378234863,
        4.006485939025879,
        4.7016706466674805,
        5.4222941398620605,
        5.744884490966797,
        6.154444694519043,
        6.709623336791992
      ],
      "extraversion": [
        1.2085169553756714,
        1.386284351348877,
        1.512069821357727,
        1.77134370803833,
        1.82205069065094,
        1.9754348993301392,
        2.0771477222442627,
        2.2011005878448486,
        2.223008632659912,
        2.2548112869262695,
        2.6386420726776123,
        2.88340425491333,
        3.129091262817383,
        3.513598680496216,
        4.010669231414795,
        4.441571235656738,
        4.649536609649658,
        5.204136371612549
      ],
      "neuroticism": [
        0.914482593536377,
        1.2268069982528687,
        1.4513068199157715,
        1.85090172290802,
        1.9546672105789185,
        2.1957879066467285,
        2.2523913383483887,
        2.4203014373779297,
        2.6018199920654297,
        2.7236645221710205,
        3.118622064590454,
        3.566129684448242,
        3.9466254711151123,
        4.641489505767822,
        5.44111442565918,
        5.926476955413818,
        6.278801918029785,
        6.932467937469482
      ],
      "openness": [
        1.1810953617095947,
        1.4839673042297363,
        1.6453346014022827,
        1.9990653991699219,
        2.097200632095337,
        2.352372407913208,
        2.3817999362945557,
        2.5301055908203125,
        2.619901657104492,
        2.714998245239258,
        3.1572110652923584,
        3.496974468231201,
        3.8154003620147705,
        4.380656719207764,
        4.956374168395996,
        5.326103210449219,
        5.6825666427612305,
        6.190342903137207
      ]
    }
  }
}